{"hours": [0, 1, 2, 3, 4, 5, 6, 7, 8, 9, 10, 11, 12, 13, 14, 15, 16, 17, 18, 19, 20, 21, 22, 23], "views": [8203.622258077607, 7957.04617834395, 3375.8917771883284, 5676.10822281167, 0, 0, 0, 0, 0, 0, 0, 0, 0, 0, 0, 0, 0, 0, 0, 0, 0, 0, 930.7077249800903, 2150.6238385983543]}